Workbook

Sheet Data
A1: dotacs: recognition accuracy per sign, first version vs current version
A2: Source: our own automated test (bench/noisy.mjs) on simulated hands: 60 random hands per sign (different sizes, angles, left/right hands, joint noise), 28 frames each. Accuracy = share of frames where the shown sign was correct. Measured 28 Oct 2026.
A4: Sign | B4: Type | C4: First version | D4: Current version | E4: Change | H4: RecognitionLogs (sample rows from database/dotacs.sql)
A5: 1 | B5: number | C5: 0.799 | D5: 0.852 | E5: =D5-C5 -> 0.053 | H5: User | I5: Sign | J5: Method | K5: Confidence
A6: 3 | B6: number | C6: 1 | D6: 1 | E6: =D6-C6 -> 0 | H6: maria | I6: Hello | J6: motion | K6: 0.94
A7: 4 | B7: number | C7: 0.906 | D7: 0.803 | E7: =D7-C7 -> -0.103 | H7: maria | I7: Friend | J7: pair | K7: 0.88
A8: 5 | B8: number | C8: 0.997 | D8: 1 | E8: =D8-C8 -> 0.003 | H8: alex | I8: Water | J8: motion | K8: 0.91
A9: 7 | B9: number | C9: 1 | D9: 1 | E9: =D9-C9 -> 0 | H9: alex | I9: Please | J9: motion | K9: 0.86
A10: 8 | B10: number | C10: 1 | D10: 1 | E10: =D10-C10 -> 0 | H10: demo | I10: Hello | J10: motion | K10: 0.97
A11: A | B11: letter | C11: 0.867 | D11: 0.839 | E11: =D11-C11 -> -0.028 | H11: demo | I11: I love you | J11: hold | K11: 0.99
A12: S | B12: letter | C12: 0.99 | D12: 0.996 | E12: =D12-C12 -> 0.006 | H12: demo | I12: C | J12: hold | K12: 0.81
A13: B | B13: letter | C13: 0.411 | D13: 0.792 | E13: =D13-C13 -> 0.381 | H13: demo | I13: A | J13: hold | K13: 0.64
A14: D | B14: letter | C14: 0.989 | D14: 0.996 | E14: =D14-C14 -> 0.007 | H14: demo | I14: B | J14: hold | K14: 0.92
A15: L | B15: letter | C15: 0.948 | D15: 0.89 | E15: =D15-C15 -> -0.058 | H15: lina | I15: Eat | J15: motion | K15: 0.79
A16: G | B16: letter | C16: 0.933 | D16: 0.947 | E16: =D16-C16 -> 0.014 | H16: lina | I16: More | J16: pair | K16: 0.83
A17: U | B17: letter | C17: 0.392 | D17: 0.798 | E17: =D17-C17 -> 0.406 | H17: nadia | I17: Sorry | J17: motion | K17: 0.72
... A23: I | B23: letter | C23: 0.983 | D23: 0.983 | E23: =D23-C23 -> 0 | H23: yuki | I23: Help | J23: pair | K23: 0.93
A24: Y | B24: letter | C24: 0.926 | D24: 0.956 | E24: =D24-C24 -> 0.03
A25: I love you | B25: word | C25: 0.999 | D25: 1 | E25: =D25-C25 -> 0.001 | H25: Sample data written by the team to show the table; replace with real logs (SELECT * FROM RecognitionLogs) after user tests.
A26: Rock on | B26: word | C26: 0.951 | D26: 0.952 | E26: =D26-C26 -> 0.001
A27: O | B27: letter | C27: 0.88 | D27: 0.892 | E27: =D27-C27 -> 0.012
A28: C | B28: letter | C28: 0.798 | D28: 0.864 | E28: =D28-C28 -> 0.066
A29: X | B29: letter | C29: 0 | D29: 0.995 | E29: =D29-C29 -> 0.995
A30: Good | B30: word | C30: 0.791 | D30: 0.867 | E30: =D30-C30 -> 0.076
A31: Bad | B31: word | C31: 0.852 | D31: 0.899 | E31: =D31-C31 -> 0.047

Sheet Analysis
A1: dotacs: analysis of recognition data
A3: 1. Accuracy per sign (from sheet Data)
A4: Signs tested | B4: =COUNTA(Data!$A$5:$A$31) -> 27
A5: Average accuracy, first version | B5: =AVERAGE(Data!$C$5:$C$31) -> 0.78803704
A6: Average accuracy, current version | B6: =AVERAGE(Data!$D$5:$D$31) -> 0.92922222
A7: Average change | B7: =B6-B5 -> 0.14118519
A8: Signs that improved | B8: =COUNTIF(Data!$E$5:$E$31,">0.005") -> 15
A9: Signs that got worse | B9: =COUNTIF(Data!$E$5:$E$31,"<-0.005") -> 4
A10: Signs at 95% or more, first version | B10: =COUNTIF(Data!$C$5:$C$31,">=0.95") -> 11
A11: Signs at 95% or more, current version | B11: =COUNTIF(Data!$D$5:$D$31,">=0.95") -> 14
A12: Biggest improvement | B12: =MAX(Data!$E$5:$E$31) -> 1
A13: ...for the sign | B13: =INDEX(Data!$A$5:$A$31,MATCH(B12,Data!$E$5:$E$31,0)) -> K
A14: Weakest sign now | B14: =INDEX(Data!$A$5:$A$31,MATCH(MIN(Data!$D$5:$D$31),Data!$D$5:$D$31,0)) -> B
A15: ...its accuracy | B15: =MIN(Data!$D$5:$D$31) -> 0.792
A17: 2. Whole test, all frames weighted equally
A18: First version | B18: 0.788
A19: Current version | B19: 0.929
A20: Current version after Teach mode | B20: 0.994
A21: Teach mode result is from a separate test (bench/train.mjs): 6 simulated people with their own hand habits, 12 tests per sign.
A23: 3. RecognitionLogs: average confidence by method (sample rows) | B23: avg confidence | C23: signs
A24: hold | B24: =IFERROR(AVERAGEIF(Data!$J$6:$J$23,A24,Data!$K$6:$K$23),"-") -> 0.8175 | C24: =COUNTIF(Data!$J$6:$J$23,A24) -> 8
A25: motion | B25: =IFERROR(AVERAGEIF(Data!$J$6:$J$23,A25,Data!$K$6:$K$23),"-") -> 0.87714286 | C25: =COUNTIF(Data!$J$6:$J$23,A25) -> 7
A26: pair | B26: =IFERROR(AVERAGEIF(Data!$J$6:$J$23,A26,Data!$K$6:$K$23),"-") -> 0.88 | C26: =COUNTIF(Data!$J$6:$J$23,A26) -> 3
A28: 4. What the data shows
A29: 1. K and X went from 0% to 100% and 99.5%: the first version could never recognise them; new hand features fixed this.
A30: 2. U, H, W and B improved by 37 to 58 points: they were confused with V and 4 before.
A31: 3. 4, L, V and A got slightly worse (up to 10 points): fixing their neighbours made these harder to tell apart. Teach mode fixes it per person.
A32: 4. Next step: run the same analysis on real RecognitionLogs from user tests to find the signs real users struggle with.
